{"cameraMode":{"drawMode":0,"name":"Shaded","section":"Shading Mode"},"sceneLighting":false,"audioPlay":true,"sceneViewState":{"m_AlwaysRefresh":false,"showFog":true,"showSkybox":false,"showFlares":true,"showImageEffects":true,"showParticleSystems":true,"showVisualEffectGraphs":true,"m_FxEnabled":false},"in2DMode":false,"pivot":{"x":0.2273857593536377,"y":3.0425801277160646,"z":0.18808317184448243},"rotation":{"x":-0.00027531865634955466,"y":0.9958175420761108,"z":-0.0029880485963076355,"w":-0.09137062728404999},"size":4.169225692749023,"orthographic":false}