{"cameraMode":{"drawMode":0,"name":"Shaded","section":"Shading Mode"},"sceneLighting":false,"audioPlay":true,"sceneViewState":{"m_AlwaysRefresh":false,"showFog":true,"showSkybox":false,"showFlares":true,"showImageEffects":true,"showParticleSystems":true,"showVisualEffectGraphs":true,"m_FxEnabled":false},"in2DMode":false,"pivot":{"x":-0.8348789215087891,"y":17.668453216552736,"z":-136.1724853515625},"rotation":{"x":0.016585925593972207,"y":0.9780009984970093,"z":-0.08559711277484894,"w":0.1895056664943695},"size":12.36351490020752,"orthographic":false}