{"cameraMode":{"drawMode":0,"name":"Shaded","section":"Shading Mode"},"sceneLighting":false,"audioPlay":true,"sceneViewState":{"m_AlwaysRefresh":false,"showFog":true,"showSkybox":false,"showFlares":true,"showImageEffects":true,"showParticleSystems":true,"showVisualEffectGraphs":true,"m_FxEnabled":false},"in2DMode":false,"pivot":{"x":1.0651211738586426,"y":17.668453216552736,"z":-109.47390747070313},"rotation":{"x":0.016585925593972207,"y":0.9780009984970093,"z":-0.08559711277484894,"w":0.1895056664943695},"size":12.36294174194336,"orthographic":false}