{"cameraMode":{"drawMode":0,"name":"Shaded","section":"Shading Mode"},"sceneLighting":false,"audioPlay":true,"sceneViewState":{"m_AlwaysRefresh":false,"showFog":true,"showSkybox":false,"showFlares":true,"showImageEffects":true,"showParticleSystems":true,"showVisualEffectGraphs":true,"m_FxEnabled":false},"in2DMode":false,"pivot":{"x":-0.13640213012695313,"y":-1.6078987121582032,"z":1.6405525207519532},"rotation":{"x":0.274681031703949,"y":0.06915610283613205,"z":-0.01981128752231598,"w":0.9588407278060913},"size":72.67144775390625,"orthographic":false}