{"cameraMode":{"drawMode":0,"name":"Shaded","section":"Shading Mode"},"sceneLighting":false,"audioPlay":true,"sceneViewState":{"m_AlwaysRefresh":false,"showFog":true,"showSkybox":false,"showFlares":true,"showImageEffects":true,"showParticleSystems":true,"showVisualEffectGraphs":true,"m_FxEnabled":false},"in2DMode":false,"pivot":{"x":3.880056381225586,"y":3.3124918937683107,"z":-15.798985481262207},"rotation":{"x":0.01032407209277153,"y":0.9666318297386169,"z":-0.03946054354310036,"w":0.25290223956108096},"size":3.2294819355010988,"orthographic":false}