{"cameraMode":{"drawMode":0,"name":"Shaded","section":"Shading Mode"},"sceneLighting":false,"audioPlay":true,"sceneViewState":{"m_AlwaysRefresh":false,"showFog":true,"showSkybox":false,"showFlares":true,"showImageEffects":true,"showParticleSystems":true,"showVisualEffectGraphs":true,"m_FxEnabled":false},"in2DMode":false,"pivot":{"x":54.167938232421878,"y":0.03946828842163086,"z":-13.127050399780274},"rotation":{"x":0.031764205545186999,"y":0.9277296662330627,"z":-0.08119725435972214,"w":0.36292701959609988},"size":6.131300449371338,"orthographic":false}