{"cameraMode":{"drawMode":0,"name":"Shaded","section":"Shading Mode"},"sceneLighting":false,"audioPlay":true,"sceneViewState":{"m_AlwaysRefresh":false,"showFog":true,"showSkybox":false,"showFlares":true,"showImageEffects":true,"showParticleSystems":true,"showVisualEffectGraphs":true,"m_FxEnabled":false},"in2DMode":false,"pivot":{"x":-0.013911515474319458,"y":0.22564634680747987,"z":0.012228678911924363},"rotation":{"x":0.01032407209277153,"y":0.9666318297386169,"z":-0.03946054354310036,"w":0.25290223956108096},"size":0.2899932861328125,"orthographic":false}