{"cameraMode":{"drawMode":0,"name":"Shaded","section":"Shading Mode"},"sceneLighting":false,"audioPlay":false,"sceneViewState":{"m_AlwaysRefresh":false,"showFog":true,"showSkybox":false,"showFlares":true,"showImageEffects":true,"showParticleSystems":true,"showVisualEffectGraphs":true,"m_FxEnabled":false},"in2DMode":false,"pivot":{"x":-1.0403141975402833,"y":0.2542603611946106,"z":-0.5342866778373718},"rotation":{"x":0.027595998719334604,"y":-0.9610409140586853,"z":0.10419785231351853,"w":0.25452420115470889},"size":0.5102836489677429,"orthographic":false}