{"cameraMode":{"drawMode":0,"name":"Shaded","section":"Shading Mode"},"sceneLighting":false,"audioPlay":true,"sceneViewState":{"m_AlwaysRefresh":false,"showFog":true,"showSkybox":false,"showFlares":true,"showImageEffects":true,"showParticleSystems":true,"showVisualEffectGraphs":true,"m_FxEnabled":false},"in2DMode":false,"pivot":{"x":7.590435028076172,"y":24.43775177001953,"z":-62.16202163696289},"rotation":{"x":0.031764205545186999,"y":0.9277296662330627,"z":-0.08119725435972214,"w":0.36292701959609988},"size":28.764989852905275,"orthographic":false}