{"cameraMode":{"drawMode":0,"name":"Shaded","section":"Shading Mode"},"sceneLighting":false,"audioPlay":true,"sceneViewState":{"m_AlwaysRefresh":false,"showFog":true,"showSkybox":false,"showFlares":true,"showImageEffects":true,"showParticleSystems":true,"showVisualEffectGraphs":true,"m_FxEnabled":false},"in2DMode":false,"pivot":{"x":-84.57894897460938,"y":14.698190689086914,"z":19.95710563659668},"rotation":{"x":0.016585925593972207,"y":0.9780009984970093,"z":-0.08559711277484894,"w":0.1895056664943695},"size":11.379213333129883,"orthographic":false}