{"cameraMode":{"drawMode":0,"name":"Shaded","section":"Shading Mode"},"sceneLighting":false,"audioPlay":true,"sceneViewState":{"m_AlwaysRefresh":false,"showFog":true,"showSkybox":false,"showFlares":true,"showImageEffects":true,"showParticleSystems":true,"showVisualEffectGraphs":true,"m_FxEnabled":false},"in2DMode":false,"pivot":{"x":54.48497009277344,"y":-0.011445820331573487,"z":1.670566201210022},"rotation":{"x":0.031764205545186999,"y":0.9277296662330627,"z":-0.08119725435972214,"w":0.36292701959609988},"size":2.1144487857818605,"orthographic":false}