{"cameraMode":{"drawMode":0,"name":"Shaded","section":"Shading Mode"},"sceneLighting":false,"audioPlay":false,"sceneViewState":{"m_AlwaysRefresh":false,"showFog":true,"showSkybox":false,"showFlares":true,"showImageEffects":true,"showParticleSystems":true,"showVisualEffectGraphs":true,"m_FxEnabled":false},"in2DMode":false,"pivot":{"x":-0.6229724884033203,"y":0.2854335308074951,"z":-1.4779531955718995},"rotation":{"x":0.0004982842947356403,"y":-0.9980803728103638,"z":-0.06145942211151123,"w":-0.008086667396128178},"size":1.1874290704727173,"orthographic":false}