{"cameraMode":{"drawMode":0,"name":"Shaded","section":"Shading Mode"},"sceneLighting":false,"audioPlay":true,"sceneViewState":{"m_AlwaysRefresh":false,"showFog":true,"showSkybox":false,"showFlares":true,"showImageEffects":true,"showParticleSystems":true,"showVisualEffectGraphs":true,"m_FxEnabled":false},"in2DMode":false,"pivot":{"x":62.245723724365237,"y":0.8602123260498047,"z":-6.578952789306641},"rotation":{"x":0.031764205545186999,"y":0.9277296662330627,"z":-0.08119725435972214,"w":0.36292701959609988},"size":4.295888423919678,"orthographic":false}