{"cameraMode":{"drawMode":0,"name":"Shaded","section":"Shading Mode"},"sceneLighting":false,"audioPlay":true,"sceneViewState":{"m_AlwaysRefresh":false,"showFog":true,"showSkybox":false,"showFlares":true,"showImageEffects":true,"showParticleSystems":true,"showVisualEffectGraphs":true,"m_FxEnabled":false},"in2DMode":false,"pivot":{"x":-0.009843714535236359,"y":-0.002812504768371582,"z":-0.01655932515859604},"rotation":{"x":-0.06731938570737839,"y":0.9285566210746765,"z":-0.2994908392429352,"w":-0.20871716737747193},"size":0.11384020745754242,"orthographic":false}