{"cameraMode":{"drawMode":0,"name":"Shaded","section":"Shading Mode"},"sceneLighting":false,"audioPlay":true,"sceneViewState":{"m_AlwaysRefresh":false,"showFog":true,"showSkybox":false,"showFlares":true,"showImageEffects":true,"showParticleSystems":true,"showVisualEffectGraphs":true,"m_FxEnabled":false},"in2DMode":false,"pivot":{"x":2.8608462810516359,"y":1.3144991397857667,"z":-0.018980979919433595},"rotation":{"x":0.09050404280424118,"y":0.8425098061561585,"z":-0.1496582329273224,"w":0.5094982981681824},"size":3.122257947921753,"orthographic":false}