{"cameraMode":{"drawMode":0,"name":"Shaded","section":"Shading Mode"},"sceneLighting":false,"audioPlay":true,"sceneViewState":{"m_AlwaysRefresh":false,"showFog":true,"showSkybox":false,"showFlares":true,"showImageEffects":true,"showParticleSystems":true,"showVisualEffectGraphs":true,"m_FxEnabled":false},"in2DMode":false,"pivot":{"x":5.905508041381836,"y":2.4983036518096926,"z":23.609403610229493},"rotation":{"x":0.01032407209277153,"y":0.9666318297386169,"z":-0.03946054354310036,"w":0.25290223956108096},"size":3.4162919521331789,"orthographic":false}