{"cameraMode":{"drawMode":0,"name":"Shaded","section":"Shading Mode"},"sceneLighting":false,"audioPlay":true,"sceneViewState":{"m_AlwaysRefresh":false,"showFog":true,"showSkybox":false,"showFlares":true,"showImageEffects":true,"showParticleSystems":true,"showVisualEffectGraphs":true,"m_FxEnabled":false},"in2DMode":false,"pivot":{"x":-0.20748382806777955,"y":1.3424022197723389,"z":-0.19597172737121583},"rotation":{"x":0.09050404280424118,"y":0.8425098061561585,"z":-0.1496582329273224,"w":0.5094982981681824},"size":3.1317172050476076,"orthographic":false}