{"cameraMode":{"drawMode":0,"name":"Shaded","section":"Shading Mode"},"sceneLighting":false,"audioPlay":true,"sceneViewState":{"m_AlwaysRefresh":false,"showFog":true,"showSkybox":false,"showFlares":true,"showImageEffects":true,"showParticleSystems":true,"showVisualEffectGraphs":true,"m_FxEnabled":false},"in2DMode":false,"pivot":{"x":1.3669407367706299,"y":3.047227382659912,"z":-0.4064626693725586},"rotation":{"x":0.002995144808664918,"y":0.9968470931053162,"z":-0.06438671052455902,"w":0.04638871178030968},"size":5.0988006591796879,"orthographic":false}