{"cameraMode":{"drawMode":0,"name":"Shaded","section":"Shading Mode"},"sceneLighting":false,"audioPlay":true,"sceneViewState":{"m_AlwaysRefresh":false,"showFog":true,"showSkybox":false,"showFlares":true,"showImageEffects":true,"showParticleSystems":true,"showVisualEffectGraphs":true,"m_FxEnabled":false},"in2DMode":false,"pivot":{"x":16.056610107421876,"y":-38.079612731933597,"z":-145.26553344726563},"rotation":{"x":0.016585925593972207,"y":0.9780009984970093,"z":-0.08559711277484894,"w":0.1895056664943695},"size":16.495986938476564,"orthographic":false}