{"cameraMode":{"drawMode":0,"name":"Shaded","section":"Shading Mode"},"sceneLighting":false,"audioPlay":true,"sceneViewState":{"m_AlwaysRefresh":false,"showFog":true,"showSkybox":false,"showFlares":true,"showImageEffects":true,"showParticleSystems":true,"showVisualEffectGraphs":true,"m_FxEnabled":false},"in2DMode":false,"pivot":{"x":-0.0031213760375976564,"y":-1.1999998092651368,"z":-3.3000001907348635},"rotation":{"x":0.09050404280424118,"y":0.8425098061561585,"z":-0.1496582329273224,"w":0.5094982981681824},"size":12.12435531616211,"orthographic":false}