{"cameraMode":{"drawMode":0,"name":"Shaded","section":"Shading Mode"},"sceneLighting":false,"audioPlay":true,"sceneViewState":{"m_AlwaysRefresh":false,"showFog":true,"showSkybox":false,"showFlares":true,"showImageEffects":true,"showParticleSystems":true,"showVisualEffectGraphs":true,"m_FxEnabled":false},"in2DMode":false,"pivot":{"x":-0.7578573226928711,"y":0.20223379135131837,"z":0.3082810640335083},"rotation":{"x":0.01032407209277153,"y":0.9666318297386169,"z":-0.03946054354310036,"w":0.25290223956108096},"size":0.23047056794166566,"orthographic":false}